"","amr","ecopos","econeg","TP","TN","ecoconc","clinpos","clinneg","clinconc"
"1","AMP",57,45,55,42,95.0980392156863,57,45,95.0980392156863
"2","CHL",49,53,46,50,94.1176470588235,49,53,94.1176470588235
"3","CIP",27,75,23,75,96.078431372549,NA,NA,NA
"4","GEN",8,94,0,94,92.156862745098,NA,NA,NA
"5","NAL",28,74,23,74,95.0980392156863,28,74,95.0980392156863
"6","SMX",69,33,46,32,76.4705882352941,69,33,76.4705882352941
"7","STR",66,36,61,30,89.2156862745098,NA,NA,NA
"8","SUL",73,29,45,27,70.5882352941177,NA,NA,NA
"9","SXT",33,69,29,66,93.1372549019608,NA,NA,NA
"10","TET",57,45,54,37,89.2156862745098,NA,NA,NA
"11","TRI",32,70,30,68,96.078431372549,NA,NA,NA
"12","Total",499,623,412,595,89.7504456327986,NA,NA,NA
"13","GEN",NA,NA,0,95,NA,7,95,93.1372549019608
"14","STR",NA,NA,24,33,NA,26,76,55.8823529411765
"15","SXT",NA,NA,29,69,NA,30,72,96.078431372549
"16","Total",NA,NA,223,395,NA,266,448,86.5546218487395
